{"cameraMode":{"drawMode":0,"name":"Shaded","section":"Shading Mode"},"sceneLighting":true,"audioPlay":false,"sceneViewState":{"m_AlwaysRefresh":false,"showFog":true,"showSkybox":true,"showFlares":true,"showImageEffects":true,"showParticleSystems":true,"showVisualEffectGraphs":true,"m_FxEnabled":true},"in2DMode":false,"pivot":{"x":22.094100952148439,"y":3.7396249771118166,"z":65.64470672607422},"rotation":{"x":0.08959895372390747,"y":0.9039365649223328,"z":-0.23301458358764649,"w":0.3473285138607025},"size":4.622884273529053,"orthographic":false}