{"cameraMode":{"drawMode":0,"name":"Shaded","section":"Shading Mode"},"sceneLighting":false,"audioPlay":false,"sceneViewState":{"m_AlwaysRefresh":false,"showFog":true,"showSkybox":false,"showFlares":true,"showImageEffects":true,"showParticleSystems":true,"showVisualEffectGraphs":true,"m_FxEnabled":true},"in2DMode":false,"pivot":{"x":14.545475959777832,"y":-8.131367683410645,"z":-0.2725248336791992},"rotation":{"x":0.21074029803276063,"y":0.6239821910858154,"z":-0.17998182773590089,"w":0.7306644916534424},"size":10.876068115234375,"orthographic":false}