{"cameraMode":{"drawMode":0,"name":"Shaded","section":"Shading Mode"},"sceneLighting":false,"audioPlay":false,"sceneViewState":{"m_AlwaysRefresh":false,"showFog":true,"showSkybox":false,"showFlares":true,"showImageEffects":true,"showParticleSystems":true,"showVisualEffectGraphs":true,"m_FxEnabled":true},"in2DMode":false,"pivot":{"x":0.006606340408325195,"y":0.006741881370544434,"z":0.008834481239318848},"rotation":{"x":0.20796222984790803,"y":0.443352073431015,"z":-0.10647761821746826,"w":0.8653994798660278},"size":2.1591217517852785,"orthographic":false}