{"cameraMode":{"drawMode":0,"name":"Shaded","section":"Shading Mode"},"sceneLighting":false,"audioPlay":false,"sceneViewState":{"m_AlwaysRefresh":false,"showFog":true,"showSkybox":false,"showFlares":true,"showImageEffects":true,"showParticleSystems":true,"showVisualEffectGraphs":true,"m_FxEnabled":true},"in2DMode":false,"pivot":{"x":0.00015342235565185547,"y":-0.013458997011184693,"z":0.0183601975440979},"rotation":{"x":0.20796222984790803,"y":0.443352073431015,"z":-0.10647761821746826,"w":0.8653994798660278},"size":0.7748439311981201,"orthographic":false}